tender_id,title,department,category,location,estimated_value,tender_date,closing_date,vendor_name,bid_amount,bid_timestamp,winner,award_amount,scenario_flag
TND-2026-0101,Smart Traffic Signals Installation Phase 1,Public Works Department,Infrastructure,Bengaluru,4985000,2026-01-10,2026-02-01,Apex InfraTech Solutions,4975000,2026-02-01 10:14:02,true,4975000,THRESHOLD_PROXIMITY
TND-2026-0101,Smart Traffic Signals Installation Phase 1,Public Works Department,Infrastructure,Bengaluru,4985000,2026-01-10,2026-02-01,BluePeak Urban Dynamics,4982000,2026-02-01 10:14:55,false,0,THRESHOLD_PROXIMITY
TND-2026-0101,Smart Traffic Signals Installation Phase 1,Public Works Department,Infrastructure,Bengaluru,4985000,2026-01-10,2026-02-01,CivicMatrix Technologies,4984500,2026-02-01 10:15:30,false,0,THRESHOLD_PROXIMITY
TND-2026-0102,Municipal School Digital Classroom Setup,Department of Education,Information Technology,Mysuru,12500000,2026-01-15,2026-02-05,EduSmart Systems Pvt Ltd,12400000,2026-02-05 16:30:10,true,12400000,LOW_COMPETITION_SINGLE_BIDDER
TND-2026-0103,Hospital Diagnostic Equipment Upgrade,Health and Family Welfare,Medical Supplies,Mangaluru,34000000,2026-01-20,2026-02-12,MedVanguard Healthcare,33800000,2026-02-12 11:20:10,true,33800000,BENCHMARK_NORMAL
TND-2026-0103,Hospital Diagnostic Equipment Upgrade,Health and Family Welfare,Medical Supplies,Mangaluru,34000000,2026-01-20,2026-02-12,Zenith BioTech Supplies,34200000,2026-02-12 11:45:00,false,0,BENCHMARK_NORMAL
TND-2026-0103,Hospital Diagnostic Equipment Upgrade,Health and Family Welfare,Medical Supplies,Mangaluru,34000000,2026-01-20,2026-02-12,CareFirst Biomedical,34600000,2026-02-12 12:05:22,false,0,BENCHMARK_NORMAL
TND-2026-0103,Hospital Diagnostic Equipment Upgrade,Health and Family Welfare,Medical Supplies,Mangaluru,34000000,2026-01-20,2026-02-12,LifeLine Diagnostic Aids,35100000,2026-02-12 13:10:44,false,0,BENCHMARK_NORMAL
TND-2026-0104,Arterial Road Resurfacing Ward 4,Public Works Department,Civil Works,Bengaluru,8500000,2026-02-01,2026-02-20,Kavira Roadworks Ltd,8450000,2026-02-20 14:02:11,true,8450000,COVER_BIDDING_COLLUSION
TND-2026-0104,Arterial Road Resurfacing Ward 4,Public Works Department,Civil Works,Bengaluru,8500000,2026-02-01,2026-02-20,Shree Balaji Builders,8480000,2026-02-20 14:03:04,false,0,COVER_BIDDING_COLLUSION
TND-2026-0104,Arterial Road Resurfacing Ward 4,Public Works Department,Civil Works,Bengaluru,8500000,2026-02-01,2026-02-20,United Civil Construction,8495000,2026-02-20 14:03:49,false,0,COVER_BIDDING_COLLUSION
TND-2026-0105,Water Treatment Plant Pipeline Maintenance,Urban Water Supply Board,Utilities,Hubballi,18000000,2026-02-05,2026-02-25,JalShakti Infrastructure,21400000,2026-02-25 15:10:00,true,21400000,PRICE_DEVIATION_HIGH
TND-2026-0105,Water Treatment Plant Pipeline Maintenance,Urban Water Supply Board,Utilities,Hubballi,18000000,2026-02-05,2026-02-25,Pravaha Hydraulics,21900000,2026-02-25 15:18:22,false,0,PRICE_DEVIATION_HIGH
TND-2026-0106,Substation Circuit Breaker Replacement,Energy Department,Electrical,Belagavi,9800000,2026-02-10,2026-03-01,PowerGrid Allied Systems,9750000,2026-03-01 10:05:14,true,9750000,WINNER_ROTATION_A
TND-2026-0106,Substation Circuit Breaker Replacement,Energy Department,Electrical,Belagavi,9800000,2026-02-10,2026-03-01,ElectroDynamics Corp,9890000,2026-03-01 11:15:30,false,0,WINNER_ROTATION_A
TND-2026-0106,Substation Circuit Breaker Replacement,Energy Department,Electrical,Belagavi,9800000,2026-02-10,2026-03-01,Vidyut Techno Services,9940000,2026-03-01 11:32:00,false,0,WINNER_ROTATION_A
TND-2026-0107,Substation Transformer Servicing,Energy Department,Electrical,Belagavi,9900000,2026-02-15,2026-03-05,ElectroDynamics Corp,9820000,2026-03-05 09:45:00,true,9820000,WINNER_ROTATION_B
TND-2026-0107,Substation Transformer Servicing,Energy Department,Electrical,Belagavi,9900000,2026-02-15,2026-03-05,Vidyut Techno Services,9910000,2026-03-05 10:00:20,false,0,WINNER_ROTATION_B
TND-2026-0107,Substation Transformer Servicing,Energy Department,Electrical,Belagavi,9900000,2026-02-15,2026-03-05,PowerGrid Allied Systems,9980000,2026-03-05 10:15:00,false,0,WINNER_ROTATION_B
TND-2026-0108,High Tension Cable Maintenance,Energy Department,Electrical,Belagavi,9750000,2026-02-20,2026-03-10,Vidyut Techno Services,9700000,2026-03-10 13:20:11,true,9700000,WINNER_ROTATION_C
TND-2026-0108,High Tension Cable Maintenance,Energy Department,Electrical,Belagavi,9750000,2026-02-20,2026-03-10,PowerGrid Allied Systems,9850000,2026-03-10 13:40:00,false,0,WINNER_ROTATION_C
TND-2026-0108,High Tension Cable Maintenance,Energy Department,Electrical,Belagavi,9750000,2026-02-20,2026-03-10,ElectroDynamics Corp,9900000,2026-03-10 13:55:00,false,0,WINNER_ROTATION_C
TND-2026-0109,District Hospital Generic Medicine Stock,Health and Family Welfare,Pharmaceuticals,Kalaburagi,15000000,2026-02-22,2026-03-12,MedVanguard Healthcare,14750000,2026-03-12 11:00:00,true,14750000,VENDOR_CONCENTRATION
TND-2026-0109,District Hospital Generic Medicine Stock,Health and Family Welfare,Pharmaceuticals,Kalaburagi,15000000,2026-02-22,2026-03-12,CareFirst Biomedical,14950000,2026-03-12 11:30:00,false,0,VENDOR_CONCENTRATION
TND-2026-0110,Primary Health Center PPE Consumables,Health and Family Welfare,Medical Supplies,Udupi,6200000,2026-02-25,2026-03-15,MedVanguard Healthcare,6150000,2026-03-15 14:15:00,true,6150000,VENDOR_CONCENTRATION
TND-2026-0110,Primary Health Center PPE Consumables,Health and Family Welfare,Medical Supplies,Udupi,6200000,2026-02-25,2026-03-15,Zenith BioTech Supplies,6250000,2026-03-15 14:40:00,false,0,VENDOR_CONCENTRATION
TND-2026-0111,Central Laboratory Blood Testing Kits,Health and Family Welfare,Medical Supplies,Bengaluru,22000000,2026-02-28,2026-03-18,MedVanguard Healthcare,21800000,2026-03-18 10:20:00,true,21800000,VENDOR_CONCENTRATION
TND-2026-0111,Central Laboratory Blood Testing Kits,Health and Family Welfare,Medical Supplies,Bengaluru,22000000,2026-02-28,2026-03-18,LifeLine Diagnostic Aids,22400000,2026-03-18 10:55:00,false,0,VENDOR_CONCENTRATION
TND-2026-0112,Solar Rooftop Panels for Taluk Offices,Renewable Energy Agency,Solar Power,Tumakuru,7800000,2026-03-01,2026-03-20,SunBright Cleantech Ltd,7720000,2026-03-20 12:00:00,true,7720000,BENCHMARK_NORMAL
TND-2026-0112,Solar Rooftop Panels for Taluk Offices,Renewable Energy Agency,Solar Power,Tumakuru,7800000,2026-03-01,2026-03-20,Solaris Energy Systems,7790000,2026-03-20 12:30:00,false,0,BENCHMARK_NORMAL
TND-2026-0112,Solar Rooftop Panels for Taluk Offices,Renewable Energy Agency,Solar Power,Tumakuru,7800000,2026-03-01,2026-03-20,Helios Power Solutions,7850000,2026-03-20 13:00:00,false,0,BENCHMARK_NORMAL
